[
  {
    "cartItems": [
      {
        "name": "Non-Alcoholic Concentrated Perfume Oil",
        "description": "Original Al Munakhֲ® by Mahal Al Musk | Our Impression of Climate | 6ml Non-Alcoholic Concentrated Perfume Oil",
        "quantity": 1,
        "price": 120,
        "productId": 14
      },
      {
        "name": "iPhone X",
        "description": "SIM-Free, Model A19211 6.5-inch Super Retina HD display with OLED technology A12 Bionic chip with ...",
        "quantity": 1,
        "price": 899,
        "productId": 2
      }
    ],
    "orderTime": "2023-11-27 09:05:41.144710",
    "status": "pending",
    "price": 1019,
    "shippingDetails": {
      "address": "9222 Sandra Grace Road, Southport,FL",
      "userId": "1",
      "contactNumber": "555-12345",
      "orderType": "express"
    }
  },
  {
    "cartItems": [
      {
        "name": "iPhone 9",
        "description": "An apple mobile which is nothing like apple",
        "quantity": 1,
        "price": 549,
        "productId": 1
      }
    ],
    "orderTime": "2023-11-27 09:05:41.162212",
    "status": "pending",
    "price": 549,
    "shippingDetails": {
      "address": "711 Tashanna Lane, Southport,FL",
      "userId": "1",
      "contactNumber": "555-12345",
      "orderType": "pickup"
    }
  },
  {
    "cartItems": [
      {
        "name": "Elbow Macaroni - 400 gm",
        "description": "Product details of Bake Parlor Big Elbow Macaroni - 400 gm",
        "quantity": 1,
        "price": 14,
        "productId": 22
      },
      {
        "name": "Samsung Universe 9",
        "description": "Samsung's new variant which goes beyond Galaxy to the Universe",
        "quantity": 1,
        "price": 1249,
        "productId": 3
      },
      {
        "name": "3D Embellishment Art Lamp",
        "description": "3D led lamp sticker Wall sticker 3d wall art light on/off button  cell operated (included)",
        "quantity": 1,
        "price": 20,
        "productId": 28
      },
      {
        "name": "Gulab Powder 50 Gram",
        "description": "Dry Rose Flower Powder Gulab Powder 50 Gram ג€¢ Treats Wounds",
        "quantity": 1,
        "price": 70,
        "productId": 25
      }
    ],
    "orderTime": "2023-11-27 09:05:41.174216",
    "status": "pending",
    "price": 1353,
    "shippingDetails": {
      "address": "9222 Sandra Grace Road, Southport,FL",
      "userId": "2",
      "contactNumber": "555-12345",
      "orderType": "standart"
    }
  },
  {
    "cartItems": [
      {
        "name": "3D Embellishment Art Lamp",
        "description": "3D led lamp sticker Wall sticker 3d wall art light on/off button  cell operated (included)",
        "quantity": 1,
        "price": 20,
        "productId": 28
      },
      {
        "name": "Oil Free Moisturizer 100ml",
        "description": "Dermive Oil Free Moisturizer with SPF 20 is specifically formulated with ceramides, hyaluronic acid & sunscreen.",
        "quantity": 1,
        "price": 40,
        "productId": 18
      },
      {
        "name": "iPhone 9",
        "description": "An apple mobile which is nothing like apple",
        "quantity": 1,
        "price": 549,
        "productId": 1
      },
      {
        "name": "HP Pavilion 15-DK1056WM",
        "description": "HP Pavilion 15-DK1056WM Gaming Laptop 10th Gen Core i5, 8GB, 256GB SSD, GTX 1650 4GB, Windows 10",
        "quantity": 1,
        "price": 1099,
        "productId": 10
      }
    ],
    "orderTime": "2023-11-27 09:05:41.185217",
    "status": "pending",
    "price": 1708,
    "shippingDetails": {
      "address": "711 Tashanna Lane, Southport,FL",
      "userId": "3",
      "contactNumber": "555-12345",
      "orderType": "standart"
    }
  },
  {
    "cartItems": [
      {
        "name": "cereals muesli fruit nuts",
        "description": "original fauji cereal muesli 250gm box pack original fauji cereals muesli fruit nuts flakes breakfast cereal break fast faujicereals cerels cerel foji fouji",
        "quantity": 1,
        "price": 46,
        "productId": 24
      },
      {
        "name": "Skin Beauty Serum.",
        "description": "Product name: rorec collagen hyaluronic acid white face serum riceNet weight: 15 m",
        "quantity": 1,
        "price": 46,
        "productId": 19
      },
      {
        "name": "Oil Free Moisturizer 100ml",
        "description": "Dermive Oil Free Moisturizer with SPF 20 is specifically formulated with ceramides, hyaluronic acid & sunscreen.",
        "quantity": 1,
        "price": 40,
        "productId": 18
      },
      {
        "name": "Flying Wooden Bird",
        "description": "Package Include 6 Birds with Adhesive Tape Shape: 3D Shaped Wooden Birds Material: Wooden MDF, Laminated 3.5mm",
        "quantity": 1,
        "price": 51,
        "productId": 27
      }
    ],
    "orderTime": "2023-11-27 09:05:41.196210",
    "status": "pending",
    "price": 183,
    "shippingDetails": {
      "address": "7809 Highway 2302, Panama City,FL",
      "userId": "6",
      "contactNumber": "555-12345",
      "orderType": "pickup"
    }
  },
  {
    "cartItems": [
      {
        "name": "Samsung Galaxy Book",
        "description": "Samsung Galaxy Book S (2020) Laptop With Intel Lakefield Chip, 8GB of RAM Launched",
        "quantity": 1,
        "price": 1499,
        "productId": 7
      }
    ],
    "orderTime": "2023-11-27 09:05:41.207211",
    "status": "pending",
    "price": 1499,
    "shippingDetails": {
      "address": "7809 Highway 2302, Panama City,FL",
      "userId": "4",
      "contactNumber": "555-12345",
      "orderType": "standart"
    }
  },
  {
    "cartItems": [
      {
        "name": "OPPOF19",
        "description": "OPPO F19 is officially announced on April 2021.",
        "quantity": 1,
        "price": 280,
        "productId": 4
      },
      {
        "name": "- Daal Masoor 500 grams",
        "description": "Fine quality Branded Product Keep in a cool and dry place",
        "quantity": 1,
        "price": 20,
        "productId": 21
      }
    ],
    "orderTime": "2023-11-27 09:05:41.218210",
    "status": "pending",
    "price": 300,
    "shippingDetails": {
      "address": "7321 Mary Jo Avenue, Panama City,FL",
      "userId": "3",
      "contactNumber": "555-12345",
      "orderType": "standart"
    }
  },
  {
    "cartItems": [
      {
        "name": "Gulab Powder 50 Gram",
        "description": "Dry Rose Flower Powder Gulab Powder 50 Gram ג€¢ Treats Wounds",
        "quantity": 1,
        "price": 70,
        "productId": 25
      }
    ],
    "orderTime": "2023-11-27 09:05:41.228728",
    "status": "pending",
    "price": 70,
    "shippingDetails": {
      "address": "7809 Highway 2302, Panama City,FL",
      "userId": "4",
      "contactNumber": "555-12345",
      "orderType": "pickup"
    }
  },
  {
    "cartItems": [
      {
        "name": "Freckle Treatment Cream- 15gm",
        "description": "Fair & Clear is Pakistan's only pure Freckle cream which helpsfade Freckles, Darkspots and pigments. Mercury level is 0%, so there are no side effects.",
        "quantity": 1,
        "price": 70,
        "productId": 20
      },
      {
        "name": "OPPOF19",
        "description": "OPPO F19 is officially announced on April 2021.",
        "quantity": 1,
        "price": 280,
        "productId": 4
      }
    ],
    "orderTime": "2023-11-27 09:05:41.239221",
    "status": "pending",
    "price": 350,
    "shippingDetails": {
      "address": "7321 Mary Jo Avenue, Panama City,FL",
      "userId": "5",
      "contactNumber": "555-12345",
      "orderType": "pickup"
    }
  },
  {
    "cartItems": [
      {
        "name": "- Daal Masoor 500 grams",
        "description": "Fine quality Branded Product Keep in a cool and dry place",
        "quantity": 1,
        "price": 20,
        "productId": 21
      },
      {
        "name": "Flying Wooden Bird",
        "description": "Package Include 6 Birds with Adhesive Tape Shape: 3D Shaped Wooden Birds Material: Wooden MDF, Laminated 3.5mm",
        "quantity": 1,
        "price": 51,
        "productId": 27
      }
    ],
    "orderTime": "2023-11-27 09:05:41.249263",
    "status": "pending",
    "price": 71,
    "shippingDetails": {
      "address": "9222 Sandra Grace Road, Southport,FL",
      "userId": "8",
      "contactNumber": "555-12345",
      "orderType": "pickup"
    }
  },
  {
    "cartItems": [
      {
        "name": "Samsung Universe 9",
        "description": "Samsung's new variant which goes beyond Galaxy to the Universe",
        "quantity": 1,
        "price": 1249,
        "productId": 3
      },
      {
        "name": "Tree Oil 30ml",
        "description": "Tea tree oil contains a number of compounds, including terpinen-4-ol, that have been shown to kill certain bacteria,",
        "quantity": 1,
        "price": 12,
        "productId": 17
      },
      {
        "name": "- Daal Masoor 500 grams",
        "description": "Fine quality Branded Product Keep in a cool and dry place",
        "quantity": 1,
        "price": 20,
        "productId": 21
      },
      {
        "name": "Microsoft Surface Laptop 4",
        "description": "Style and speed. Stand out on HD video calls backed by Studio Mics. Capture ideas on the vibrant touchscreen.",
        "quantity": 1,
        "price": 1499,
        "productId": 8
      }
    ],
    "orderTime": "2023-11-27 09:05:41.260257",
    "status": "pending",
    "price": 2780,
    "shippingDetails": {
      "address": "7809 Highway 2302, Panama City,FL",
      "userId": "9",
      "contactNumber": "555-12345",
      "orderType": "standart"
    }
  },
  {
    "cartItems": [
      {
        "name": "Oil Free Moisturizer 100ml",
        "description": "Dermive Oil Free Moisturizer with SPF 20 is specifically formulated with ceramides, hyaluronic acid & sunscreen.",
        "quantity": 1,
        "price": 40,
        "productId": 18
      }
    ],
    "orderTime": "2023-11-27 09:05:41.270268",
    "status": "pending",
    "price": 40,
    "shippingDetails": {
      "address": "9222 Sandra Grace Road, Southport,FL",
      "userId": "11",
      "contactNumber": "555-12345",
      "orderType": "pickup"
    }
  },
  {
    "cartItems": [
      {
        "name": "Microsoft Surface Laptop 4",
        "description": "Style and speed. Stand out on HD video calls backed by Studio Mics. Capture ideas on the vibrant touchscreen.",
        "quantity": 1,
        "price": 1499,
        "productId": 8
      }
    ],
    "orderTime": "2023-11-27 09:05:41.280758",
    "status": "pending",
    "price": 1499,
    "shippingDetails": {
      "address": "7809 Highway 2302, Panama City,FL",
      "userId": "13",
      "contactNumber": "555-12345",
      "orderType": "pickup"
    }
  },
  {
    "cartItems": [
      {
        "name": "HP Pavilion 15-DK1056WM",
        "description": "HP Pavilion 15-DK1056WM Gaming Laptop 10th Gen Core i5, 8GB, 256GB SSD, GTX 1650 4GB, Windows 10",
        "quantity": 1,
        "price": 1099,
        "productId": 10
      },
      {
        "name": "Huawei P30",
        "description": "Huaweiג€™s re-badged P30 Pro New Edition was officially unveiled yesterday in Germany and now the device has made its way to the UK.",
        "quantity": 1,
        "price": 499,
        "productId": 5
      },
      {
        "name": "Samsung Universe 9",
        "description": "Samsung's new variant which goes beyond Galaxy to the Universe",
        "quantity": 1,
        "price": 1249,
        "productId": 3
      }
    ],
    "orderTime": "2023-11-27 09:05:41.291262",
    "status": "pending",
    "price": 2847,
    "shippingDetails": {
      "address": "9636 Morar Road, Panama City,FL",
      "userId": "12",
      "contactNumber": "555-12345",
      "orderType": "standart"
    }
  },
  {
    "cartItems": [
      {
        "name": "Non-Alcoholic Concentrated Perfume Oil",
        "description": "Original Al Munakhֲ® by Mahal Al Musk | Our Impression of Climate | 6ml Non-Alcoholic Concentrated Perfume Oil",
        "quantity": 1,
        "price": 120,
        "productId": 14
      },
      {
        "name": "MacBook Pro",
        "description": "MacBook Pro 2021 with mini-LED display may launch between September, November",
        "quantity": 2,
        "price": 3498,
        "productId": 6
      },
      {
        "name": "OPPOF19",
        "description": "OPPO F19 is officially announced on April 2021.",
        "quantity": 1,
        "price": 280,
        "productId": 4
      },
      {
        "name": "MacBook Pro",
        "description": "MacBook Pro 2021 with mini-LED display may launch between September, November",
        "quantity": 1,
        "price": 1749,
        "productId": 6
      }
    ],
    "orderTime": "2023-11-27 09:05:41.302254",
    "status": "pending",
    "price": 5647,
    "shippingDetails": {
      "address": "9636 Morar Road, Panama City,FL",
      "userId": "21",
      "contactNumber": "555-12345",
      "orderType": "express"
    }
  },
  {
    "cartItems": [
      {
        "name": "Key Holder",
        "description": "Attractive DesignMetallic materialFour key hooksReliable & DurablePremium Quality",
        "quantity": 1,
        "price": 30,
        "productId": 30
      },
      {
        "name": "Oil Free Moisturizer 100ml",
        "description": "Dermive Oil Free Moisturizer with SPF 20 is specifically formulated with ceramides, hyaluronic acid & sunscreen.",
        "quantity": 1,
        "price": 40,
        "productId": 18
      },
      {
        "name": "cereals muesli fruit nuts",
        "description": "original fauji cereal muesli 250gm box pack original fauji cereals muesli fruit nuts flakes breakfast cereal break fast faujicereals cerels cerel foji fouji",
        "quantity": 1,
        "price": 46,
        "productId": 24
      }
    ],
    "orderTime": "2023-11-27 09:05:41.312755",
    "status": "pending",
    "price": 116,
    "shippingDetails": {
      "address": "9636 Morar Road, Panama City,FL",
      "userId": "14",
      "contactNumber": "555-12345",
      "orderType": "pickup"
    }
  },
  {
    "cartItems": [
      {
        "name": "Non-Alcoholic Concentrated Perfume Oil",
        "description": "Original Al Munakhֲ® by Mahal Al Musk | Our Impression of Climate | 6ml Non-Alcoholic Concentrated Perfume Oil",
        "quantity": 2,
        "price": 240,
        "productId": 14
      },
      {
        "name": "Orange Essence Food Flavou",
        "description": "Specifications of Orange Essence Food Flavour For Cakes and Baking Food Item",
        "quantity": 1,
        "price": 14,
        "productId": 23
      },
      {
        "name": "Hyaluronic Acid Serum",
        "description": "L'Orֳƒֲ©al Paris introduces Hyaluron Expert Replumping Serum formulated with 1.5% Hyaluronic Acid",
        "quantity": 1,
        "price": 19,
        "productId": 16
      },
      {
        "name": "Oil Free Moisturizer 100ml",
        "description": "Dermive Oil Free Moisturizer with SPF 20 is specifically formulated with ceramides, hyaluronic acid & sunscreen.",
        "quantity": 1,
        "price": 40,
        "productId": 18
      }
    ],
    "orderTime": "2023-11-27 09:05:41.323756",
    "status": "pending",
    "price": 313,
    "shippingDetails": {
      "address": "325 Joseph Circle, Southport,FL",
      "userId": "15",
      "contactNumber": "555-12345",
      "orderType": "express"
    }
  },
  {
    "cartItems": [
      {
        "name": "3D Embellishment Art Lamp",
        "description": "3D led lamp sticker Wall sticker 3d wall art light on/off button  cell operated (included)",
        "quantity": 1,
        "price": 20,
        "productId": 28
      }
    ],
    "orderTime": "2023-11-27 09:05:41.333904",
    "status": "pending",
    "price": 20,
    "shippingDetails": {
      "address": "711 Tashanna Lane, Southport,FL",
      "userId": "16",
      "contactNumber": "555-12345",
      "orderType": "express"
    }
  },
  {
    "cartItems": [
      {
        "name": "Brown Perfume",
        "description": "Royal_Mirage Sport Brown Perfume for Men & Women - 120ml",
        "quantity": 1,
        "price": 40,
        "productId": 12
      },
      {
        "name": "perfume Oil",
        "description": "Mega Discount, Impression of Acqua Di Gio by GiorgioArmani concentrated attar perfume Oil",
        "quantity": 1,
        "price": 13,
        "productId": 11
      },
      {
        "name": "Huawei P30",
        "description": "Huaweiג€™s re-badged P30 Pro New Edition was officially unveiled yesterday in Germany and now the device has made its way to the UK.",
        "quantity": 1,
        "price": 499,
        "productId": 5
      }
    ],
    "orderTime": "2023-11-27 09:05:41.344771",
    "status": "pending",
    "price": 552,
    "shippingDetails": {
      "address": "1439 2nd Street, Panama City,FL",
      "userId": "17",
      "contactNumber": "555-12345",
      "orderType": "pickup"
    }
  },
  {
    "cartItems": [
      {
        "name": "Oil Free Moisturizer 100ml",
        "description": "Dermive Oil Free Moisturizer with SPF 20 is specifically formulated with ceramides, hyaluronic acid & sunscreen.",
        "quantity": 1,
        "price": 40,
        "productId": 18
      },
      {
        "name": "Elbow Macaroni - 400 gm",
        "description": "Product details of Bake Parlor Big Elbow Macaroni - 400 gm",
        "quantity": 1,
        "price": 14,
        "productId": 22
      }
    ],
    "orderTime": "2023-11-27 09:05:41.355274",
    "status": "pending",
    "price": 54,
    "shippingDetails": {
      "address": "9636 Morar Road, Panama City,FL",
      "userId": "18",
      "contactNumber": "555-12345",
      "orderType": "pickup"
    }
  },
  {
    "cartItems": [
      {
        "name": "Hyaluronic Acid Serum",
        "description": "L'Orֳƒֲ©al Paris introduces Hyaluron Expert Replumping Serum formulated with 1.5% Hyaluronic Acid",
        "quantity": 1,
        "price": 19,
        "productId": 16
      }
    ],
    "orderTime": "2023-11-27 09:05:41.365770",
    "status": "pending",
    "price": 19,
    "shippingDetails": {
      "address": "711 Tashanna Lane, Southport,FL",
      "userId": "19",
      "contactNumber": "555-12345",
      "orderType": "pickup"
    }
  },
  {
    "cartItems": [
      {
        "name": "MacBook Pro",
        "description": "MacBook Pro 2021 with mini-LED display may launch between September, November",
        "quantity": 1,
        "price": 1749,
        "productId": 6
      }
    ],
    "orderTime": "2023-11-27 09:05:41.376272",
    "status": "pending",
    "price": 1749,
    "shippingDetails": {
      "address": "325 Joseph Circle, Southport,FL",
      "userId": "20",
      "contactNumber": "555-12345",
      "orderType": "pickup"
    }
  },
  {
    "cartItems": [
      {
        "name": "Elbow Macaroni - 400 gm",
        "description": "Product details of Bake Parlor Big Elbow Macaroni - 400 gm",
        "quantity": 1,
        "price": 14,
        "productId": 22
      },
      {
        "name": "Tree Oil 30ml",
        "description": "Tea tree oil contains a number of compounds, including terpinen-4-ol, that have been shown to kill certain bacteria,",
        "quantity": 1,
        "price": 12,
        "productId": 17
      },
      {
        "name": "Hyaluronic Acid Serum",
        "description": "L'Orֳƒֲ©al Paris introduces Hyaluron Expert Replumping Serum formulated with 1.5% Hyaluronic Acid",
        "quantity": 1,
        "price": 19,
        "productId": 16
      },
      {
        "name": "Handcraft Chinese style",
        "description": "Handcraft Chinese style art luxury palace hotel villa mansion home decor ceramic vase with brass fruit plate",
        "quantity": 1,
        "price": 60,
        "productId": 29
      },
      {
        "name": "Brown Perfume",
        "description": "Royal_Mirage Sport Brown Perfume for Men & Women - 120ml",
        "quantity": 1,
        "price": 40,
        "productId": 12
      }
    ],
    "orderTime": "2023-11-27 09:05:41.386771",
    "status": "pending",
    "price": 145,
    "shippingDetails": {
      "address": "7809 Highway 2302, Panama City,FL",
      "userId": "21",
      "contactNumber": "555-12345",
      "orderType": "express"
    }
  },
  {
    "cartItems": [
      {
        "name": "Samsung Universe 9",
        "description": "Samsung's new variant which goes beyond Galaxy to the Universe",
        "quantity": 1,
        "price": 1249,
        "productId": 3
      }
    ],
    "orderTime": "2023-11-27 09:05:41.398771",
    "status": "pending",
    "price": 1249,
    "shippingDetails": {
      "address": "325 Joseph Circle, Southport,FL",
      "userId": "21",
      "contactNumber": "555-12345",
      "orderType": "express"
    }
  },
  {
    "cartItems": [
      {
        "name": "Non-Alcoholic Concentrated Perfume Oil",
        "description": "Original Al Munakhֲ® by Mahal Al Musk | Our Impression of Climate | 6ml Non-Alcoholic Concentrated Perfume Oil",
        "quantity": 1,
        "price": 120,
        "productId": 14
      },
      {
        "name": "Orange Essence Food Flavou",
        "description": "Specifications of Orange Essence Food Flavour For Cakes and Baking Food Item",
        "quantity": 1,
        "price": 14,
        "productId": 23
      },
      {
        "name": "Plant Hanger For Home",
        "description": "Boho Decor Plant Hanger For Home Wall Decoration Macrame Wall Hanging Shelf",
        "quantity": 1,
        "price": 41,
        "productId": 26
      },
      {
        "name": "Samsung Universe 9",
        "description": "Samsung's new variant which goes beyond Galaxy to the Universe",
        "quantity": 1,
        "price": 1249,
        "productId": 3
      }
    ],
    "orderTime": "2023-11-27 09:05:41.410272",
    "status": "pending",
    "price": 1424,
    "shippingDetails": {
      "address": "9222 Sandra Grace Road, Southport,FL",
      "userId": "22",
      "contactNumber": "555-12345",
      "orderType": "standart"
    }
  },
  {
    "cartItems": [
      {
        "name": "MacBook Pro",
        "description": "MacBook Pro 2021 with mini-LED display may launch between September, November",
        "quantity": 1,
        "price": 1749,
        "productId": 6
      }
    ],
    "orderTime": "2023-11-27 09:05:41.420769",
    "status": "pending",
    "price": 1749,
    "shippingDetails": {
      "address": "9636 Morar Road, Panama City,FL",
      "userId": "31",
      "contactNumber": "555-12345",
      "orderType": "pickup"
    }
  },
  {
    "cartItems": [
      {
        "name": "perfume Oil",
        "description": "Mega Discount, Impression of Acqua Di Gio by GiorgioArmani concentrated attar perfume Oil",
        "quantity": 1,
        "price": 13,
        "productId": 11
      },
      {
        "name": "Oil Free Moisturizer 100ml",
        "description": "Dermive Oil Free Moisturizer with SPF 20 is specifically formulated with ceramides, hyaluronic acid & sunscreen.",
        "quantity": 1,
        "price": 40,
        "productId": 18
      },
      {
        "name": "Non-Alcoholic Concentrated Perfume Oil",
        "description": "Original Al Munakhֲ® by Mahal Al Musk | Our Impression of Climate | 6ml Non-Alcoholic Concentrated Perfume Oil",
        "quantity": 1,
        "price": 120,
        "productId": 14
      },
      {
        "name": "Handcraft Chinese style",
        "description": "Handcraft Chinese style art luxury palace hotel villa mansion home decor ceramic vase with brass fruit plate",
        "quantity": 1,
        "price": 60,
        "productId": 29
      }
    ],
    "orderTime": "2023-11-27 09:05:41.432277",
    "status": "pending",
    "price": 233,
    "shippingDetails": {
      "address": "9636 Morar Road, Panama City,FL",
      "userId": "23",
      "contactNumber": "555-12345",
      "orderType": "express"
    }
  },
  {
    "cartItems": [
      {
        "name": "Tree Oil 30ml",
        "description": "Tea tree oil contains a number of compounds, including terpinen-4-ol, that have been shown to kill certain bacteria,",
        "quantity": 1,
        "price": 12,
        "productId": 17
      },
      {
        "name": "Flying Wooden Bird",
        "description": "Package Include 6 Birds with Adhesive Tape Shape: 3D Shaped Wooden Birds Material: Wooden MDF, Laminated 3.5mm",
        "quantity": 1,
        "price": 51,
        "productId": 27
      }
    ],
    "orderTime": "2023-11-27 09:05:41.443308",
    "status": "pending",
    "price": 63,
    "shippingDetails": {
      "address": "7321 Mary Jo Avenue, Panama City,FL",
      "userId": "24",
      "contactNumber": "555-12345",
      "orderType": "standart"
    }
  },
  {
    "cartItems": [
      {
        "name": "Orange Essence Food Flavou",
        "description": "Specifications of Orange Essence Food Flavour For Cakes and Baking Food Item",
        "quantity": 1,
        "price": 14,
        "productId": 23
      },
      {
        "name": "Skin Beauty Serum.",
        "description": "Product name: rorec collagen hyaluronic acid white face serum riceNet weight: 15 m",
        "quantity": 1,
        "price": 46,
        "productId": 19
      },
      {
        "name": "- Daal Masoor 500 grams",
        "description": "Fine quality Branded Product Keep in a cool and dry place",
        "quantity": 1,
        "price": 20,
        "productId": 21
      }
    ],
    "orderTime": "2023-11-27 09:05:41.453306",
    "status": "pending",
    "price": 80,
    "shippingDetails": {
      "address": "7809 Highway 2302, Panama City,FL",
      "userId": "25",
      "contactNumber": "555-12345",
      "orderType": "express"
    }
  },
  {
    "cartItems": [
      {
        "name": "Oil Free Moisturizer 100ml",
        "description": "Dermive Oil Free Moisturizer with SPF 20 is specifically formulated with ceramides, hyaluronic acid & sunscreen.",
        "quantity": 1,
        "price": 40,
        "productId": 18
      },
      {
        "name": "perfume Oil",
        "description": "Mega Discount, Impression of Acqua Di Gio by GiorgioArmani concentrated attar perfume Oil",
        "quantity": 1,
        "price": 13,
        "productId": 11
      },
      {
        "name": "Handcraft Chinese style",
        "description": "Handcraft Chinese style art luxury palace hotel villa mansion home decor ceramic vase with brass fruit plate",
        "quantity": 1,
        "price": 60,
        "productId": 29
      }
    ],
    "orderTime": "2023-11-27 09:05:41.464307",
    "status": "pending",
    "price": 113,
    "shippingDetails": {
      "address": "325 Joseph Circle, Southport,FL",
      "userId": "26",
      "contactNumber": "555-12345",
      "orderType": "express"
    }
  },
  {
    "cartItems": [
      {
        "name": "MacBook Pro",
        "description": "MacBook Pro 2021 with mini-LED display may launch between September, November",
        "quantity": 2,
        "price": 3498,
        "productId": 6
      },
      {
        "name": "iPhone 9",
        "description": "An apple mobile which is nothing like apple",
        "quantity": 1,
        "price": 549,
        "productId": 1
      }
    ],
    "orderTime": "2023-11-27 09:05:41.475806",
    "status": "pending",
    "price": 4047,
    "shippingDetails": {
      "address": "9222 Sandra Grace Road, Southport,FL",
      "userId": "27",
      "contactNumber": "555-12345",
      "orderType": "pickup"
    }
  },
  {
    "cartItems": [
      {
        "name": "Freckle Treatment Cream- 15gm",
        "description": "Fair & Clear is Pakistan's only pure Freckle cream which helpsfade Freckles, Darkspots and pigments. Mercury level is 0%, so there are no side effects.",
        "quantity": 1,
        "price": 70,
        "productId": 20
      }
    ],
    "orderTime": "2023-11-27 09:05:41.487313",
    "status": "pending",
    "price": 70,
    "shippingDetails": {
      "address": "325 Joseph Circle, Southport,FL",
      "userId": "28",
      "contactNumber": "555-12345",
      "orderType": "pickup"
    }
  },
  {
    "cartItems": [
      {
        "name": "OPPOF19",
        "description": "OPPO F19 is officially announced on April 2021.",
        "quantity": 2,
        "price": 560,
        "productId": 4
      },
      {
        "name": "perfume Oil",
        "description": "Mega Discount, Impression of Acqua Di Gio by GiorgioArmani concentrated attar perfume Oil",
        "quantity": 1,
        "price": 13,
        "productId": 11
      },
      {
        "name": "Gulab Powder 50 Gram",
        "description": "Dry Rose Flower Powder Gulab Powder 50 Gram ג€¢ Treats Wounds",
        "quantity": 1,
        "price": 70,
        "productId": 25
      }
    ],
    "orderTime": "2023-11-27 09:05:41.498807",
    "status": "pending",
    "price": 643,
    "shippingDetails": {
      "address": "9636 Morar Road, Panama City,FL",
      "userId": "29",
      "contactNumber": "555-12345",
      "orderType": "standart"
    }
  },
  {
    "cartItems": [
      {
        "name": "Freckle Treatment Cream- 15gm",
        "description": "Fair & Clear is Pakistan's only pure Freckle cream which helpsfade Freckles, Darkspots and pigments. Mercury level is 0%, so there are no side effects.",
        "quantity": 2,
        "price": 140,
        "productId": 20
      },
      {
        "name": "iPhone X",
        "description": "SIM-Free, Model A19211 6.5-inch Super Retina HD display with OLED technology A12 Bionic chip with ...",
        "quantity": 1,
        "price": 899,
        "productId": 2
      },
      {
        "name": "- Daal Masoor 500 grams",
        "description": "Fine quality Branded Product Keep in a cool and dry place",
        "quantity": 1,
        "price": 20,
        "productId": 21
      }
    ],
    "orderTime": "2023-11-27 09:05:41.509805",
    "status": "pending",
    "price": 1059,
    "shippingDetails": {
      "address": "7809 Highway 2302, Panama City,FL",
      "userId": "30",
      "contactNumber": "555-12345",
      "orderType": "pickup"
    }
  },
  {
    "cartItems": [
      {
        "name": "Key Holder",
        "description": "Attractive DesignMetallic materialFour key hooksReliable & DurablePremium Quality",
        "quantity": 1,
        "price": 30,
        "productId": 30
      }
    ],
    "orderTime": "2023-11-27 09:05:41.520306",
    "status": "pending",
    "price": 30,
    "shippingDetails": {
      "address": "1439 2nd Street, Panama City,FL",
      "userId": "31",
      "contactNumber": "555-12345",
      "orderType": "express"
    }
  },
  {
    "cartItems": [
      {
        "name": "Brown Perfume",
        "description": "Royal_Mirage Sport Brown Perfume for Men & Women - 120ml",
        "quantity": 1,
        "price": 40,
        "productId": 12
      },
      {
        "name": "Tree Oil 30ml",
        "description": "Tea tree oil contains a number of compounds, including terpinen-4-ol, that have been shown to kill certain bacteria,",
        "quantity": 1,
        "price": 12,
        "productId": 17
      }
    ],
    "orderTime": "2023-11-27 09:05:41.532311",
    "status": "pending",
    "price": 52,
    "shippingDetails": {
      "address": "711 Tashanna Lane, Southport,FL",
      "userId": "32",
      "contactNumber": "555-12345",
      "orderType": "pickup"
    }
  },
  {
    "cartItems": [
      {
        "name": "Skin Beauty Serum.",
        "description": "Product name: rorec collagen hyaluronic acid white face serum riceNet weight: 15 m",
        "quantity": 1,
        "price": 46,
        "productId": 19
      },
      {
        "name": "Non-Alcoholic Concentrated Perfume Oil",
        "description": "Original Al Munakhֲ® by Mahal Al Musk | Our Impression of Climate | 6ml Non-Alcoholic Concentrated Perfume Oil",
        "quantity": 1,
        "price": 120,
        "productId": 14
      },
      {
        "name": "MacBook Pro",
        "description": "MacBook Pro 2021 with mini-LED display may launch between September, November",
        "quantity": 1,
        "price": 1749,
        "productId": 6
      }
    ],
    "orderTime": "2023-11-27 09:05:41.544319",
    "status": "pending",
    "price": 1915,
    "shippingDetails": {
      "address": "9636 Morar Road, Panama City,FL",
      "userId": "33",
      "contactNumber": "555-12345",
      "orderType": "express"
    }
  },
  {
    "cartItems": [
      {
        "name": "Orange Essence Food Flavou",
        "description": "Specifications of Orange Essence Food Flavour For Cakes and Baking Food Item",
        "quantity": 1,
        "price": 14,
        "productId": 23
      },
      {
        "name": "cereals muesli fruit nuts",
        "description": "original fauji cereal muesli 250gm box pack original fauji cereals muesli fruit nuts flakes breakfast cereal break fast faujicereals cerels cerel foji fouji",
        "quantity": 1,
        "price": 46,
        "productId": 24
      },
      {
        "name": "Huawei P30",
        "description": "Huaweiג€™s re-badged P30 Pro New Edition was officially unveiled yesterday in Germany and now the device has made its way to the UK.",
        "quantity": 1,
        "price": 499,
        "productId": 5
      }
    ],
    "orderTime": "2023-11-27 09:05:41.554819",
    "status": "pending",
    "price": 559,
    "shippingDetails": {
      "address": "325 Joseph Circle, Southport,FL",
      "userId": "35",
      "contactNumber": "555-12345",
      "orderType": "standart"
    }
  },
  {
    "cartItems": [
      {
        "name": "Eau De Perfume Spray",
        "description": "Genuine  Al-Rehab spray perfume from UAE/Saudi Arabia/Yemen High Quality",
        "quantity": 1,
        "price": 30,
        "productId": 15
      },
      {
        "name": "Hyaluronic Acid Serum",
        "description": "L'Orֳƒֲ©al Paris introduces Hyaluron Expert Replumping Serum formulated with 1.5% Hyaluronic Acid",
        "quantity": 1,
        "price": 19,
        "productId": 16
      },
      {
        "name": "Freckle Treatment Cream- 15gm",
        "description": "Fair & Clear is Pakistan's only pure Freckle cream which helpsfade Freckles, Darkspots and pigments. Mercury level is 0%, so there are no side effects.",
        "quantity": 1,
        "price": 70,
        "productId": 20
      },
      {
        "name": "Infinix INBOOK",
        "description": "Infinix Inbook X1 Ci3 10th 8GB 256GB 14 Win10 Grey ג€“ 1 Year Warranty",
        "quantity": 1,
        "price": 1099,
        "productId": 9
      }
    ],
    "orderTime": "2023-11-27 09:05:41.566340",
    "status": "pending",
    "price": 1218,
    "shippingDetails": {
      "address": "7809 Highway 2302, Panama City,FL",
      "userId": "34",
      "contactNumber": "555-12345",
      "orderType": "pickup"
    }
  },
  {
    "cartItems": [
      {
        "name": "Fog Scent Xpressio Perfume",
        "description": "Product details of Best Fog Scent Xpressio Perfume 100ml For Men cool long lasting perfumes for Men",
        "quantity": 1,
        "price": 13,
        "productId": 13
      },
      {
        "name": "HP Pavilion 15-DK1056WM",
        "description": "HP Pavilion 15-DK1056WM Gaming Laptop 10th Gen Core i5, 8GB, 256GB SSD, GTX 1650 4GB, Windows 10",
        "quantity": 1,
        "price": 1099,
        "productId": 10
      },
      {
        "name": "cereals muesli fruit nuts",
        "description": "original fauji cereal muesli 250gm box pack original fauji cereals muesli fruit nuts flakes breakfast cereal break fast faujicereals cerels cerel foji fouji",
        "quantity": 1,
        "price": 46,
        "productId": 24
      },
      {
        "name": "Samsung Galaxy Book",
        "description": "Samsung Galaxy Book S (2020) Laptop With Intel Lakefield Chip, 8GB of RAM Launched",
        "quantity": 1,
        "price": 1499,
        "productId": 7
      }
    ],
    "orderTime": "2023-11-27 09:05:41.577355",
    "status": "pending",
    "price": 2657,
    "shippingDetails": {
      "address": "325 Joseph Circle, Southport,FL",
      "userId": "36",
      "contactNumber": "555-12345",
      "orderType": "pickup"
    }
  },
  {
    "cartItems": [
      {
        "name": "Brown Perfume",
        "description": "Royal_Mirage Sport Brown Perfume for Men & Women - 120ml",
        "quantity": 1,
        "price": 40,
        "productId": 12
      },
      {
        "name": "Samsung Galaxy Book",
        "description": "Samsung Galaxy Book S (2020) Laptop With Intel Lakefield Chip, 8GB of RAM Launched",
        "quantity": 1,
        "price": 1499,
        "productId": 7
      }
    ],
    "orderTime": "2023-11-27 09:05:41.588355",
    "status": "pending",
    "price": 1539,
    "shippingDetails": {
      "address": "9636 Morar Road, Panama City,FL",
      "userId": "37",
      "contactNumber": "555-12345",
      "orderType": "pickup"
    }
  },
  {
    "cartItems": [
      {
        "name": "Freckle Treatment Cream- 15gm",
        "description": "Fair & Clear is Pakistan's only pure Freckle cream which helpsfade Freckles, Darkspots and pigments. Mercury level is 0%, so there are no side effects.",
        "quantity": 1,
        "price": 70,
        "productId": 20
      }
    ],
    "orderTime": "2023-11-27 09:05:41.597891",
    "status": "pending",
    "price": 70,
    "shippingDetails": {
      "address": "7809 Highway 2302, Panama City,FL",
      "userId": "38",
      "contactNumber": "555-12345",
      "orderType": "standart"
    }
  },
  {
    "cartItems": [
      {
        "name": "Tree Oil 30ml",
        "description": "Tea tree oil contains a number of compounds, including terpinen-4-ol, that have been shown to kill certain bacteria,",
        "quantity": 2,
        "price": 24,
        "productId": 17
      },
      {
        "name": "Fog Scent Xpressio Perfume",
        "description": "Product details of Best Fog Scent Xpressio Perfume 100ml For Men cool long lasting perfumes for Men",
        "quantity": 1,
        "price": 13,
        "productId": 13
      }
    ],
    "orderTime": "2023-11-27 09:05:41.607639",
    "status": "pending",
    "price": 37,
    "shippingDetails": {
      "address": "7321 Mary Jo Avenue, Panama City,FL",
      "userId": "39",
      "contactNumber": "555-12345",
      "orderType": "express"
    }
  },
  {
    "cartItems": [
      {
        "name": "iPhone X",
        "description": "SIM-Free, Model A19211 6.5-inch Super Retina HD display with OLED technology A12 Bionic chip with ...",
        "quantity": 1,
        "price": 899,
        "productId": 2
      },
      {
        "name": "OPPOF19",
        "description": "OPPO F19 is officially announced on April 2021.",
        "quantity": 1,
        "price": 280,
        "productId": 4
      },
      {
        "name": "Oil Free Moisturizer 100ml",
        "description": "Dermive Oil Free Moisturizer with SPF 20 is specifically formulated with ceramides, hyaluronic acid & sunscreen.",
        "quantity": 1,
        "price": 40,
        "productId": 18
      }
    ],
    "orderTime": "2023-11-27 09:05:41.619152",
    "status": "pending",
    "price": 1219,
    "shippingDetails": {
      "address": "1439 2nd Street, Panama City,FL",
      "userId": "40",
      "contactNumber": "555-12345",
      "orderType": "express"
    }
  },
  {
    "cartItems": [
      {
        "name": "iPhone X",
        "description": "SIM-Free, Model A19211 6.5-inch Super Retina HD display with OLED technology A12 Bionic chip with ...",
        "quantity": 1,
        "price": 899,
        "productId": 2
      }
    ],
    "orderTime": "2023-11-27 09:05:41.629166",
    "status": "pending",
    "price": 899,
    "shippingDetails": {
      "address": "9222 Sandra Grace Road, Southport,FL",
      "userId": "13",
      "contactNumber": "555-12345",
      "orderType": "express"
    }
  },
  {
    "cartItems": [
      {
        "name": "3D Embellishment Art Lamp",
        "description": "3D led lamp sticker Wall sticker 3d wall art light on/off button  cell operated (included)",
        "quantity": 1,
        "price": 20,
        "productId": 28
      },
      {
        "name": "Handcraft Chinese style",
        "description": "Handcraft Chinese style art luxury palace hotel villa mansion home decor ceramic vase with brass fruit plate",
        "quantity": 1,
        "price": 60,
        "productId": 29
      },
      {
        "name": "Gulab Powder 50 Gram",
        "description": "Dry Rose Flower Powder Gulab Powder 50 Gram ג€¢ Treats Wounds",
        "quantity": 1,
        "price": 70,
        "productId": 25
      },
      {
        "name": "Brown Perfume",
        "description": "Royal_Mirage Sport Brown Perfume for Men & Women - 120ml",
        "quantity": 1,
        "price": 40,
        "productId": 12
      }
    ],
    "orderTime": "2023-11-27 09:05:41.639160",
    "status": "pending",
    "price": 190,
    "shippingDetails": {
      "address": "7809 Highway 2302, Panama City,FL",
      "userId": "38",
      "contactNumber": "555-12345",
      "orderType": "pickup"
    }
  },
  {
    "cartItems": [
      {
        "name": "3D Embellishment Art Lamp",
        "description": "3D led lamp sticker Wall sticker 3d wall art light on/off button  cell operated (included)",
        "quantity": 1,
        "price": 20,
        "productId": 28
      },
      {
        "name": "Fog Scent Xpressio Perfume",
        "description": "Product details of Best Fog Scent Xpressio Perfume 100ml For Men cool long lasting perfumes for Men",
        "quantity": 1,
        "price": 13,
        "productId": 13
      },
      {
        "name": "iPhone X",
        "description": "SIM-Free, Model A19211 6.5-inch Super Retina HD display with OLED technology A12 Bionic chip with ...",
        "quantity": 1,
        "price": 899,
        "productId": 2
      }
    ],
    "orderTime": "2023-11-27 09:05:41.648699",
    "status": "pending",
    "price": 932,
    "shippingDetails": {
      "address": "1439 2nd Street, Panama City,FL",
      "userId": "39",
      "contactNumber": "555-12345",
      "orderType": "pickup"
    }
  },
  {
    "cartItems": [
      {
        "name": "Samsung Universe 9",
        "description": "Samsung's new variant which goes beyond Galaxy to the Universe",
        "quantity": 1,
        "price": 1249,
        "productId": 3
      }
    ],
    "orderTime": "2023-11-27 09:05:41.658199",
    "status": "pending",
    "price": 1249,
    "shippingDetails": {
      "address": "1439 2nd Street, Panama City,FL",
      "userId": "2",
      "contactNumber": "555-12345",
      "orderType": "standart"
    }
  },
  {
    "cartItems": [
      {
        "name": "MacBook Pro",
        "description": "MacBook Pro 2021 with mini-LED display may launch between September, November",
        "quantity": 1,
        "price": 1749,
        "productId": 6
      },
      {
        "name": "Gulab Powder 50 Gram",
        "description": "Dry Rose Flower Powder Gulab Powder 50 Gram ג€¢ Treats Wounds",
        "quantity": 1,
        "price": 70,
        "productId": 25
      },
      {
        "name": "Microsoft Surface Laptop 4",
        "description": "Style and speed. Stand out on HD video calls backed by Studio Mics. Capture ideas on the vibrant touchscreen.",
        "quantity": 1,
        "price": 1499,
        "productId": 8
      },
      {
        "name": "perfume Oil",
        "description": "Mega Discount, Impression of Acqua Di Gio by GiorgioArmani concentrated attar perfume Oil",
        "quantity": 1,
        "price": 13,
        "productId": 11
      },
      {
        "name": "Samsung Universe 9",
        "description": "Samsung's new variant which goes beyond Galaxy to the Universe",
        "quantity": 1,
        "price": 1249,
        "productId": 3
      }
    ],
    "orderTime": "2023-11-27 09:05:41.668695",
    "status": "pending",
    "price": 4580,
    "shippingDetails": {
      "address": "7321 Mary Jo Avenue, Panama City,FL",
      "userId": "27",
      "contactNumber": "555-12345",
      "orderType": "pickup"
    }
  },
  {
    "cartItems": [
      {
        "name": "Skin Beauty Serum.",
        "description": "Product name: rorec collagen hyaluronic acid white face serum riceNet weight: 15 m",
        "quantity": 1,
        "price": 46,
        "productId": 19
      },
      {
        "name": "Elbow Macaroni - 400 gm",
        "description": "Product details of Bake Parlor Big Elbow Macaroni - 400 gm",
        "quantity": 1,
        "price": 14,
        "productId": 22
      }
    ],
    "orderTime": "2023-11-27 09:05:41.679192",
    "status": "pending",
    "price": 60,
    "shippingDetails": {
      "address": "325 Joseph Circle, Southport,FL",
      "userId": "32",
      "contactNumber": "555-12345",
      "orderType": "express"
    }
  },
  {
    "cartItems": [
      {
        "name": "Infinix INBOOK",
        "description": "Infinix Inbook X1 Ci3 10th 8GB 256GB 14 Win10 Grey ג€“ 1 Year Warranty",
        "quantity": 1,
        "price": 1099,
        "productId": 9
      },
      {
        "name": "Tree Oil 30ml",
        "description": "Tea tree oil contains a number of compounds, including terpinen-4-ol, that have been shown to kill certain bacteria,",
        "quantity": 1,
        "price": 12,
        "productId": 17
      },
      {
        "name": "Eau De Perfume Spray",
        "description": "Genuine  Al-Rehab spray perfume from UAE/Saudi Arabia/Yemen High Quality",
        "quantity": 1,
        "price": 30,
        "productId": 15
      },
      {
        "name": "Key Holder",
        "description": "Attractive DesignMetallic materialFour key hooksReliable & DurablePremium Quality",
        "quantity": 1,
        "price": 30,
        "productId": 30
      }
    ],
    "orderTime": "2023-11-27 09:05:41.689194",
    "status": "pending",
    "price": 1171,
    "shippingDetails": {
      "address": "7321 Mary Jo Avenue, Panama City,FL",
      "userId": "27",
      "contactNumber": "555-12345",
      "orderType": "standart"
    }
  },
  {
    "cartItems": [
      {
        "name": "OPPOF19",
        "description": "OPPO F19 is officially announced on April 2021.",
        "quantity": 1,
        "price": 280,
        "productId": 4
      }
    ],
    "orderTime": "2023-11-27 09:05:41.699199",
    "status": "pending",
    "price": 280,
    "shippingDetails": {
      "address": "7321 Mary Jo Avenue, Panama City,FL",
      "userId": "11",
      "contactNumber": "555-12345",
      "orderType": "standart"
    }
  },
  {
    "cartItems": [
      {
        "name": "Orange Essence Food Flavou",
        "description": "Specifications of Orange Essence Food Flavour For Cakes and Baking Food Item",
        "quantity": 1,
        "price": 14,
        "productId": 23
      },
      {
        "name": "Elbow Macaroni - 400 gm",
        "description": "Product details of Bake Parlor Big Elbow Macaroni - 400 gm",
        "quantity": 2,
        "price": 28,
        "productId": 22
      },
      {
        "name": "iPhone X",
        "description": "SIM-Free, Model A19211 6.5-inch Super Retina HD display with OLED technology A12 Bionic chip with ...",
        "quantity": 1,
        "price": 899,
        "productId": 2
      },
      {
        "name": "OPPOF19",
        "description": "OPPO F19 is officially announced on April 2021.",
        "quantity": 1,
        "price": 280,
        "productId": 4
      }
    ],
    "orderTime": "2023-11-27 09:05:41.708693",
    "status": "pending",
    "price": 1221,
    "shippingDetails": {
      "address": "9636 Morar Road, Panama City,FL",
      "userId": "22",
      "contactNumber": "555-12345",
      "orderType": "express"
    }
  },
  {
    "cartItems": [
      {
        "name": "Key Holder",
        "description": "Attractive DesignMetallic materialFour key hooksReliable & DurablePremium Quality",
        "quantity": 1,
        "price": 30,
        "productId": 30
      },
      {
        "name": "Hyaluronic Acid Serum",
        "description": "L'Orֳƒֲ©al Paris introduces Hyaluron Expert Replumping Serum formulated with 1.5% Hyaluronic Acid",
        "quantity": 1,
        "price": 19,
        "productId": 16
      },
      {
        "name": "3D Embellishment Art Lamp",
        "description": "3D led lamp sticker Wall sticker 3d wall art light on/off button  cell operated (included)",
        "quantity": 1,
        "price": 20,
        "productId": 28
      },
      {
        "name": "HP Pavilion 15-DK1056WM",
        "description": "HP Pavilion 15-DK1056WM Gaming Laptop 10th Gen Core i5, 8GB, 256GB SSD, GTX 1650 4GB, Windows 10",
        "quantity": 1,
        "price": 1099,
        "productId": 10
      }
    ],
    "orderTime": "2023-11-27 09:05:41.719199",
    "status": "pending",
    "price": 1168,
    "shippingDetails": {
      "address": "7809 Highway 2302, Panama City,FL",
      "userId": "12",
      "contactNumber": "555-12345",
      "orderType": "pickup"
    }
  },
  {
    "cartItems": [
      {
        "name": "Plant Hanger For Home",
        "description": "Boho Decor Plant Hanger For Home Wall Decoration Macrame Wall Hanging Shelf",
        "quantity": 2,
        "price": 82,
        "productId": 26
      },
      {
        "name": "Samsung Universe 9",
        "description": "Samsung's new variant which goes beyond Galaxy to the Universe",
        "quantity": 1,
        "price": 1249,
        "productId": 3
      },
      {
        "name": "cereals muesli fruit nuts",
        "description": "original fauji cereal muesli 250gm box pack original fauji cereals muesli fruit nuts flakes breakfast cereal break fast faujicereals cerels cerel foji fouji",
        "quantity": 1,
        "price": 46,
        "productId": 24
      },
      {
        "name": "MacBook Pro",
        "description": "MacBook Pro 2021 with mini-LED display may launch between September, November",
        "quantity": 1,
        "price": 1749,
        "productId": 6
      }
    ],
    "orderTime": "2023-11-27 09:05:41.728699",
    "status": "pending",
    "price": 3126,
    "shippingDetails": {
      "address": "9222 Sandra Grace Road, Southport,FL",
      "userId": "7",
      "contactNumber": "555-12345",
      "orderType": "express"
    }
  },
  {
    "cartItems": [
      {
        "name": "Gulab Powder 50 Gram",
        "description": "Dry Rose Flower Powder Gulab Powder 50 Gram ג€¢ Treats Wounds",
        "quantity": 1,
        "price": 70,
        "productId": 25
      },
      {
        "name": "Microsoft Surface Laptop 4",
        "description": "Style and speed. Stand out on HD video calls backed by Studio Mics. Capture ideas on the vibrant touchscreen.",
        "quantity": 1,
        "price": 1499,
        "productId": 8
      },
      {
        "name": "cereals muesli fruit nuts",
        "description": "original fauji cereal muesli 250gm box pack original fauji cereals muesli fruit nuts flakes breakfast cereal break fast faujicereals cerels cerel foji fouji",
        "quantity": 1,
        "price": 46,
        "productId": 24
      },
      {
        "name": "Eau De Perfume Spray",
        "description": "Genuine  Al-Rehab spray perfume from UAE/Saudi Arabia/Yemen High Quality",
        "quantity": 1,
        "price": 30,
        "productId": 15
      },
      {
        "name": "Huawei P30",
        "description": "Huaweiג€™s re-badged P30 Pro New Edition was officially unveiled yesterday in Germany and now the device has made its way to the UK.",
        "quantity": 1,
        "price": 499,
        "productId": 5
      }
    ],
    "orderTime": "2023-11-27 09:05:41.739200",
    "status": "pending",
    "price": 2144,
    "shippingDetails": {
      "address": "9222 Sandra Grace Road, Southport,FL",
      "userId": "7",
      "contactNumber": "555-12345",
      "orderType": "standart"
    }
  },
  {
    "cartItems": [
      {
        "name": "Orange Essence Food Flavou",
        "description": "Specifications of Orange Essence Food Flavour For Cakes and Baking Food Item",
        "quantity": 1,
        "price": 14,
        "productId": 23
      },
      {
        "name": "Eau De Perfume Spray",
        "description": "Genuine  Al-Rehab spray perfume from UAE/Saudi Arabia/Yemen High Quality",
        "quantity": 1,
        "price": 30,
        "productId": 15
      },
      {
        "name": "Samsung Universe 9",
        "description": "Samsung's new variant which goes beyond Galaxy to the Universe",
        "quantity": 1,
        "price": 1249,
        "productId": 3
      },
      {
        "name": "Tree Oil 30ml",
        "description": "Tea tree oil contains a number of compounds, including terpinen-4-ol, that have been shown to kill certain bacteria,",
        "quantity": 1,
        "price": 12,
        "productId": 17
      },
      {
        "name": "iPhone 9",
        "description": "An apple mobile which is nothing like apple",
        "quantity": 1,
        "price": 549,
        "productId": 1
      }
    ],
    "orderTime": "2023-11-27 09:05:41.749209",
    "status": "pending",
    "price": 1854,
    "shippingDetails": {
      "address": "1439 2nd Street, Panama City,FL",
      "userId": "7",
      "contactNumber": "555-12345",
      "orderType": "pickup"
    }
  },
  {
    "cartItems": [
      {
        "name": "3D Embellishment Art Lamp",
        "description": "3D led lamp sticker Wall sticker 3d wall art light on/off button  cell operated (included)",
        "quantity": 1,
        "price": 20,
        "productId": 28
      },
      {
        "name": "Infinix INBOOK",
        "description": "Infinix Inbook X1 Ci3 10th 8GB 256GB 14 Win10 Grey ג€“ 1 Year Warranty",
        "quantity": 1,
        "price": 1099,
        "productId": 9
      }
    ],
    "orderTime": "2023-11-27 09:05:41.759208",
    "status": "pending",
    "price": 1119,
    "shippingDetails": {
      "address": "7321 Mary Jo Avenue, Panama City,FL",
      "userId": "8",
      "contactNumber": "555-12345",
      "orderType": "standart"
    }
  },
  {
    "cartItems": [
      {
        "name": "Eau De Perfume Spray",
        "description": "Genuine  Al-Rehab spray perfume from UAE/Saudi Arabia/Yemen High Quality",
        "quantity": 1,
        "price": 30,
        "productId": 15
      },
      {
        "name": "Infinix INBOOK",
        "description": "Infinix Inbook X1 Ci3 10th 8GB 256GB 14 Win10 Grey ג€“ 1 Year Warranty",
        "quantity": 1,
        "price": 1099,
        "productId": 9
      }
    ],
    "orderTime": "2023-11-27 09:05:41.769211",
    "status": "pending",
    "price": 1129,
    "shippingDetails": {
      "address": "7809 Highway 2302, Panama City,FL",
      "userId": "8",
      "contactNumber": "555-12345",
      "orderType": "pickup"
    }
  },
  {
    "cartItems": [
      {
        "name": "perfume Oil",
        "description": "Mega Discount, Impression of Acqua Di Gio by GiorgioArmani concentrated attar perfume Oil",
        "quantity": 1,
        "price": 13,
        "productId": 11
      },
      {
        "name": "Handcraft Chinese style",
        "description": "Handcraft Chinese style art luxury palace hotel villa mansion home decor ceramic vase with brass fruit plate",
        "quantity": 1,
        "price": 60,
        "productId": 29
      },
      {
        "name": "iPhone 9",
        "description": "An apple mobile which is nothing like apple",
        "quantity": 1,
        "price": 549,
        "productId": 1
      }
    ],
    "orderTime": "2023-11-27 09:05:41.778709",
    "status": "pending",
    "price": 622,
    "shippingDetails": {
      "address": "711 Tashanna Lane, Southport,FL",
      "userId": "9",
      "contactNumber": "555-12345",
      "orderType": "standart"
    }
  },
  {
    "cartItems": [
      {
        "name": "Orange Essence Food Flavou",
        "description": "Specifications of Orange Essence Food Flavour For Cakes and Baking Food Item",
        "quantity": 1,
        "price": 14,
        "productId": 23
      },
      {
        "name": "Samsung Galaxy Book",
        "description": "Samsung Galaxy Book S (2020) Laptop With Intel Lakefield Chip, 8GB of RAM Launched",
        "quantity": 1,
        "price": 1499,
        "productId": 7
      }
    ],
    "orderTime": "2023-11-27 09:05:41.788708",
    "status": "pending",
    "price": 1513,
    "shippingDetails": {
      "address": "325 Joseph Circle, Southport,FL",
      "userId": "13",
      "contactNumber": "555-12345",
      "orderType": "standart"
    }
  },
  {
    "cartItems": [
      {
        "name": "Brown Perfume",
        "description": "Royal_Mirage Sport Brown Perfume for Men & Women - 120ml",
        "quantity": 2,
        "price": 80,
        "productId": 12
      },
      {
        "name": "Brown Perfume",
        "description": "Royal_Mirage Sport Brown Perfume for Men & Women - 120ml",
        "quantity": 1,
        "price": 40,
        "productId": 12
      },
      {
        "name": "Eau De Perfume Spray",
        "description": "Genuine  Al-Rehab spray perfume from UAE/Saudi Arabia/Yemen High Quality",
        "quantity": 2,
        "price": 60,
        "productId": 15
      }
    ],
    "orderTime": "2023-11-27 09:05:41.798708",
    "status": "pending",
    "price": 180,
    "shippingDetails": {
      "address": "7321 Mary Jo Avenue, Panama City,FL",
      "userId": "22",
      "contactNumber": "555-12345",
      "orderType": "express"
    }
  },
  {
    "cartItems": [
      {
        "name": "Plant Hanger For Home",
        "description": "Boho Decor Plant Hanger For Home Wall Decoration Macrame Wall Hanging Shelf",
        "quantity": 1,
        "price": 41,
        "productId": 26
      },
      {
        "name": "Gulab Powder 50 Gram",
        "description": "Dry Rose Flower Powder Gulab Powder 50 Gram ג€¢ Treats Wounds",
        "quantity": 1,
        "price": 70,
        "productId": 25
      }
    ],
    "orderTime": "2023-11-27 09:05:41.808208",
    "status": "pending",
    "price": 111,
    "shippingDetails": {
      "address": "9222 Sandra Grace Road, Southport,FL",
      "userId": "33",
      "contactNumber": "555-12345",
      "orderType": "express"
    }
  },
  {
    "cartItems": [
      {
        "name": "perfume Oil",
        "description": "Mega Discount, Impression of Acqua Di Gio by GiorgioArmani concentrated attar perfume Oil",
        "quantity": 2,
        "price": 26,
        "productId": 11
      },
      {
        "name": "Gulab Powder 50 Gram",
        "description": "Dry Rose Flower Powder Gulab Powder 50 Gram ג€¢ Treats Wounds",
        "quantity": 1,
        "price": 70,
        "productId": 25
      }
    ],
    "orderTime": "2023-11-27 09:05:41.818209",
    "status": "pending",
    "price": 96,
    "shippingDetails": {
      "address": "325 Joseph Circle, Southport,FL",
      "userId": "11",
      "contactNumber": "555-12345",
      "orderType": "express"
    }
  },
  {
    "cartItems": [
      {
        "name": "Flying Wooden Bird",
        "description": "Package Include 6 Birds with Adhesive Tape Shape: 3D Shaped Wooden Birds Material: Wooden MDF, Laminated 3.5mm",
        "quantity": 1,
        "price": 51,
        "productId": 27
      },
      {
        "name": "Non-Alcoholic Concentrated Perfume Oil",
        "description": "Original Al Munakhֲ® by Mahal Al Musk | Our Impression of Climate | 6ml Non-Alcoholic Concentrated Perfume Oil",
        "quantity": 1,
        "price": 120,
        "productId": 14
      },
      {
        "name": "HP Pavilion 15-DK1056WM",
        "description": "HP Pavilion 15-DK1056WM Gaming Laptop 10th Gen Core i5, 8GB, 256GB SSD, GTX 1650 4GB, Windows 10",
        "quantity": 1,
        "price": 1099,
        "productId": 10
      },
      {
        "name": "Samsung Galaxy Book",
        "description": "Samsung Galaxy Book S (2020) Laptop With Intel Lakefield Chip, 8GB of RAM Launched",
        "quantity": 1,
        "price": 1499,
        "productId": 7
      }
    ],
    "orderTime": "2023-11-27 09:05:41.828220",
    "status": "pending",
    "price": 2769,
    "shippingDetails": {
      "address": "9222 Sandra Grace Road, Southport,FL",
      "userId": "26",
      "contactNumber": "555-12345",
      "orderType": "standart"
    }
  },
  {
    "cartItems": [
      {
        "name": "Infinix INBOOK",
        "description": "Infinix Inbook X1 Ci3 10th 8GB 256GB 14 Win10 Grey ג€“ 1 Year Warranty",
        "quantity": 1,
        "price": 1099,
        "productId": 9
      },
      {
        "name": "Handcraft Chinese style",
        "description": "Handcraft Chinese style art luxury palace hotel villa mansion home decor ceramic vase with brass fruit plate",
        "quantity": 1,
        "price": 60,
        "productId": 29
      },
      {
        "name": "Samsung Universe 9",
        "description": "Samsung's new variant which goes beyond Galaxy to the Universe",
        "quantity": 1,
        "price": 1249,
        "productId": 3
      },
      {
        "name": "iPhone 9",
        "description": "An apple mobile which is nothing like apple",
        "quantity": 1,
        "price": 549,
        "productId": 1
      },
      {
        "name": "OPPOF19",
        "description": "OPPO F19 is officially announced on April 2021.",
        "quantity": 1,
        "price": 280,
        "productId": 4
      }
    ],
    "orderTime": "2023-11-27 09:05:41.838714",
    "status": "pending",
    "price": 3237,
    "shippingDetails": {
      "address": "711 Tashanna Lane, Southport,FL",
      "userId": "30",
      "contactNumber": "555-12345",
      "orderType": "standart"
    }
  },
  {
    "cartItems": [
      {
        "name": "Key Holder",
        "description": "Attractive DesignMetallic materialFour key hooksReliable & DurablePremium Quality",
        "quantity": 1,
        "price": 30,
        "productId": 30
      },
      {
        "name": "Orange Essence Food Flavou",
        "description": "Specifications of Orange Essence Food Flavour For Cakes and Baking Food Item",
        "quantity": 1,
        "price": 14,
        "productId": 23
      }
    ],
    "orderTime": "2023-11-27 09:05:41.848221",
    "status": "pending",
    "price": 44,
    "shippingDetails": {
      "address": "325 Joseph Circle, Southport,FL",
      "userId": "16",
      "contactNumber": "555-12345",
      "orderType": "express"
    }
  },
  {
    "cartItems": [
      {
        "name": "Microsoft Surface Laptop 4",
        "description": "Style and speed. Stand out on HD video calls backed by Studio Mics. Capture ideas on the vibrant touchscreen.",
        "quantity": 1,
        "price": 1499,
        "productId": 8
      },
      {
        "name": "Fog Scent Xpressio Perfume",
        "description": "Product details of Best Fog Scent Xpressio Perfume 100ml For Men cool long lasting perfumes for Men",
        "quantity": 1,
        "price": 13,
        "productId": 13
      }
    ],
    "orderTime": "2023-11-27 09:05:41.858221",
    "status": "pending",
    "price": 1512,
    "shippingDetails": {
      "address": "7321 Mary Jo Avenue, Panama City,FL",
      "userId": "16",
      "contactNumber": "555-12345",
      "orderType": "pickup"
    }
  },
  {
    "cartItems": [
      {
        "name": "Hyaluronic Acid Serum",
        "description": "L'Orֳƒֲ©al Paris introduces Hyaluron Expert Replumping Serum formulated with 1.5% Hyaluronic Acid",
        "quantity": 1,
        "price": 19,
        "productId": 16
      },
      {
        "name": "HP Pavilion 15-DK1056WM",
        "description": "HP Pavilion 15-DK1056WM Gaming Laptop 10th Gen Core i5, 8GB, 256GB SSD, GTX 1650 4GB, Windows 10",
        "quantity": 1,
        "price": 1099,
        "productId": 10
      },
      {
        "name": "Flying Wooden Bird",
        "description": "Package Include 6 Birds with Adhesive Tape Shape: 3D Shaped Wooden Birds Material: Wooden MDF, Laminated 3.5mm",
        "quantity": 1,
        "price": 51,
        "productId": 27
      }
    ],
    "orderTime": "2023-11-27 09:05:41.868221",
    "status": "pending",
    "price": 1169,
    "shippingDetails": {
      "address": "9636 Morar Road, Panama City,FL",
      "userId": "16",
      "contactNumber": "555-12345",
      "orderType": "express"
    }
  },
  {
    "cartItems": [
      {
        "name": "Microsoft Surface Laptop 4",
        "description": "Style and speed. Stand out on HD video calls backed by Studio Mics. Capture ideas on the vibrant touchscreen.",
        "quantity": 1,
        "price": 1499,
        "productId": 8
      },
      {
        "name": "Orange Essence Food Flavou",
        "description": "Specifications of Orange Essence Food Flavour For Cakes and Baking Food Item",
        "quantity": 1,
        "price": 14,
        "productId": 23
      },
      {
        "name": "MacBook Pro",
        "description": "MacBook Pro 2021 with mini-LED display may launch between September, November",
        "quantity": 1,
        "price": 1749,
        "productId": 6
      },
      {
        "name": "HP Pavilion 15-DK1056WM",
        "description": "HP Pavilion 15-DK1056WM Gaming Laptop 10th Gen Core i5, 8GB, 256GB SSD, GTX 1650 4GB, Windows 10",
        "quantity": 1,
        "price": 1099,
        "productId": 10
      }
    ],
    "orderTime": "2023-11-27 09:05:41.878220",
    "status": "pending",
    "price": 4361,
    "shippingDetails": {
      "address": "711 Tashanna Lane, Southport,FL",
      "userId": "17",
      "contactNumber": "555-12345",
      "orderType": "standart"
    }
  },
  {
    "cartItems": [
      {
        "name": "Orange Essence Food Flavou",
        "description": "Specifications of Orange Essence Food Flavour For Cakes and Baking Food Item",
        "quantity": 1,
        "price": 14,
        "productId": 23
      },
      {
        "name": "Infinix INBOOK",
        "description": "Infinix Inbook X1 Ci3 10th 8GB 256GB 14 Win10 Grey ג€“ 1 Year Warranty",
        "quantity": 1,
        "price": 1099,
        "productId": 9
      },
      {
        "name": "Microsoft Surface Laptop 4",
        "description": "Style and speed. Stand out on HD video calls backed by Studio Mics. Capture ideas on the vibrant touchscreen.",
        "quantity": 1,
        "price": 1499,
        "productId": 8
      }
    ],
    "orderTime": "2023-11-27 09:05:41.887721",
    "status": "pending",
    "price": 2612,
    "shippingDetails": {
      "address": "9222 Sandra Grace Road, Southport,FL",
      "userId": "22",
      "contactNumber": "555-12345",
      "orderType": "pickup"
    }
  },
  {
    "cartItems": [
      {
        "name": "perfume Oil",
        "description": "Mega Discount, Impression of Acqua Di Gio by GiorgioArmani concentrated attar perfume Oil",
        "quantity": 2,
        "price": 26,
        "productId": 11
      },
      {
        "name": "Oil Free Moisturizer 100ml",
        "description": "Dermive Oil Free Moisturizer with SPF 20 is specifically formulated with ceramides, hyaluronic acid & sunscreen.",
        "quantity": 1,
        "price": 40,
        "productId": 18
      },
      {
        "name": "Eau De Perfume Spray",
        "description": "Genuine  Al-Rehab spray perfume from UAE/Saudi Arabia/Yemen High Quality",
        "quantity": 1,
        "price": 30,
        "productId": 15
      },
      {
        "name": "Samsung Galaxy Book",
        "description": "Samsung Galaxy Book S (2020) Laptop With Intel Lakefield Chip, 8GB of RAM Launched",
        "quantity": 1,
        "price": 1499,
        "productId": 7
      }
    ],
    "orderTime": "2023-11-27 09:05:41.898220",
    "status": "pending",
    "price": 1595,
    "shippingDetails": {
      "address": "711 Tashanna Lane, Southport,FL",
      "userId": "12",
      "contactNumber": "555-12345",
      "orderType": "express"
    }
  },
  {
    "cartItems": [
      {
        "name": "Key Holder",
        "description": "Attractive DesignMetallic materialFour key hooksReliable & DurablePremium Quality",
        "quantity": 1,
        "price": 30,
        "productId": 30
      },
      {
        "name": "Gulab Powder 50 Gram",
        "description": "Dry Rose Flower Powder Gulab Powder 50 Gram ג€¢ Treats Wounds",
        "quantity": 1,
        "price": 70,
        "productId": 25
      }
    ],
    "orderTime": "2023-11-27 09:05:41.908228",
    "status": "pending",
    "price": 100,
    "shippingDetails": {
      "address": "325 Joseph Circle, Southport,FL",
      "userId": "13",
      "contactNumber": "555-12345",
      "orderType": "express"
    }
  },
  {
    "cartItems": [
      {
        "name": "Hyaluronic Acid Serum",
        "description": "L'Orֳƒֲ©al Paris introduces Hyaluron Expert Replumping Serum formulated with 1.5% Hyaluronic Acid",
        "quantity": 1,
        "price": 19,
        "productId": 16
      },
      {
        "name": "Elbow Macaroni - 400 gm",
        "description": "Product details of Bake Parlor Big Elbow Macaroni - 400 gm",
        "quantity": 1,
        "price": 14,
        "productId": 22
      }
    ],
    "orderTime": "2023-11-27 09:05:41.919228",
    "status": "pending",
    "price": 33,
    "shippingDetails": {
      "address": "9222 Sandra Grace Road, Southport,FL",
      "userId": "17",
      "contactNumber": "555-12345",
      "orderType": "express"
    }
  },
  {
    "cartItems": [
      {
        "name": "HP Pavilion 15-DK1056WM",
        "description": "HP Pavilion 15-DK1056WM Gaming Laptop 10th Gen Core i5, 8GB, 256GB SSD, GTX 1650 4GB, Windows 10",
        "quantity": 1,
        "price": 1099,
        "productId": 10
      },
      {
        "name": "Skin Beauty Serum.",
        "description": "Product name: rorec collagen hyaluronic acid white face serum riceNet weight: 15 m",
        "quantity": 1,
        "price": 46,
        "productId": 19
      }
    ],
    "orderTime": "2023-11-27 09:05:41.931726",
    "status": "pending",
    "price": 1145,
    "shippingDetails": {
      "address": "7809 Highway 2302, Panama City,FL",
      "userId": "18",
      "contactNumber": "555-12345",
      "orderType": "pickup"
    }
  },
  {
    "cartItems": [
      {
        "name": "Skin Beauty Serum.",
        "description": "Product name: rorec collagen hyaluronic acid white face serum riceNet weight: 15 m",
        "quantity": 2,
        "price": 92,
        "productId": 19
      },
      {
        "name": "Key Holder",
        "description": "Attractive DesignMetallic materialFour key hooksReliable & DurablePremium Quality",
        "quantity": 1,
        "price": 30,
        "productId": 30
      },
      {
        "name": "MacBook Pro",
        "description": "MacBook Pro 2021 with mini-LED display may launch between September, November",
        "quantity": 1,
        "price": 1749,
        "productId": 6
      }
    ],
    "orderTime": "2023-11-27 09:05:41.943241",
    "status": "pending",
    "price": 1871,
    "shippingDetails": {
      "address": "9636 Morar Road, Panama City,FL",
      "userId": "19",
      "contactNumber": "555-12345",
      "orderType": "standart"
    }
  },
  {
    "cartItems": [
      {
        "name": "Gulab Powder 50 Gram",
        "description": "Dry Rose Flower Powder Gulab Powder 50 Gram ג€¢ Treats Wounds",
        "quantity": 1,
        "price": 70,
        "productId": 25
      },
      {
        "name": "Orange Essence Food Flavou",
        "description": "Specifications of Orange Essence Food Flavour For Cakes and Baking Food Item",
        "quantity": 1,
        "price": 14,
        "productId": 23
      },
      {
        "name": "iPhone 9",
        "description": "An apple mobile which is nothing like apple",
        "quantity": 1,
        "price": 549,
        "productId": 1
      },
      {
        "name": "iPhone X",
        "description": "SIM-Free, Model A19211 6.5-inch Super Retina HD display with OLED technology A12 Bionic chip with ...",
        "quantity": 1,
        "price": 899,
        "productId": 2
      }
    ],
    "orderTime": "2023-11-27 09:05:41.953740",
    "status": "pending",
    "price": 1532,
    "shippingDetails": {
      "address": "9222 Sandra Grace Road, Southport,FL",
      "userId": "18",
      "contactNumber": "555-12345",
      "orderType": "express"
    }
  },
  {
    "cartItems": [
      {
        "name": "Samsung Galaxy Book",
        "description": "Samsung Galaxy Book S (2020) Laptop With Intel Lakefield Chip, 8GB of RAM Launched",
        "quantity": 1,
        "price": 1499,
        "productId": 7
      },
      {
        "name": "OPPOF19",
        "description": "OPPO F19 is officially announced on April 2021.",
        "quantity": 1,
        "price": 280,
        "productId": 4
      }
    ],
    "orderTime": "2023-11-27 09:05:41.963740",
    "status": "pending",
    "price": 1779,
    "shippingDetails": {
      "address": "7809 Highway 2302, Panama City,FL",
      "userId": "19",
      "contactNumber": "555-12345",
      "orderType": "pickup"
    }
  },
  {
    "cartItems": [
      {
        "name": "Skin Beauty Serum.",
        "description": "Product name: rorec collagen hyaluronic acid white face serum riceNet weight: 15 m",
        "quantity": 1,
        "price": 46,
        "productId": 19
      },
      {
        "name": "cereals muesli fruit nuts",
        "description": "original fauji cereal muesli 250gm box pack original fauji cereals muesli fruit nuts flakes breakfast cereal break fast faujicereals cerels cerel foji fouji",
        "quantity": 1,
        "price": 46,
        "productId": 24
      },
      {
        "name": "Key Holder",
        "description": "Attractive DesignMetallic materialFour key hooksReliable & DurablePremium Quality",
        "quantity": 1,
        "price": 30,
        "productId": 30
      }
    ],
    "orderTime": "2023-11-27 09:05:41.973751",
    "status": "pending",
    "price": 122,
    "shippingDetails": {
      "address": "7809 Highway 2302, Panama City,FL",
      "userId": "2",
      "contactNumber": "555-12345",
      "orderType": "pickup"
    }
  },
  {
    "cartItems": [
      {
        "name": "Handcraft Chinese style",
        "description": "Handcraft Chinese style art luxury palace hotel villa mansion home decor ceramic vase with brass fruit plate",
        "quantity": 1,
        "price": 60,
        "productId": 29
      },
      {
        "name": "Plant Hanger For Home",
        "description": "Boho Decor Plant Hanger For Home Wall Decoration Macrame Wall Hanging Shelf",
        "quantity": 1,
        "price": 41,
        "productId": 26
      },
      {
        "name": "Microsoft Surface Laptop 4",
        "description": "Style and speed. Stand out on HD video calls backed by Studio Mics. Capture ideas on the vibrant touchscreen.",
        "quantity": 1,
        "price": 1499,
        "productId": 8
      }
    ],
    "orderTime": "2023-11-27 09:05:41.982242",
    "status": "pending",
    "price": 1600,
    "shippingDetails": {
      "address": "7321 Mary Jo Avenue, Panama City,FL",
      "userId": "3",
      "contactNumber": "555-12345",
      "orderType": "pickup"
    }
  }
]
